IP Address,Success,Failed,Statuscode
54.36.149.41,214,10,200
31.56.96.51,46,181,200
31.56.96.51,45,205,200
40.77.167.129,284,242,200
91.99.72.15,110,163,200
40.77.167.129,44,252,200
40.77.167.129,170,237,200
40.77.167.129,109,110,200
66.249.66.194,55,170,200
40.77.167.129,12,76,200
207.46.13.136,285,182,200
40.77.167.129,182,184,200
178.253.33.51,32,58,200
40.77.167.129,54,29,200
91.99.72.15,206,205,200
40.77.167.129,144,246,200
207.46.13.136,69,150,404
40.77.167.129,63,230,200
40.77.167.129,165,122,200
66.249.66.194,56,248,200
91.99.72.15,111,153,200
178.253.33.51,255,158,200
66.249.66.91,206,88,200
31.56.96.51,64,117,200
32.56.96.51,64,117,200
